continuity_id,revision,basis,scenario,period,units,price,bookings,billings,recognized_revenue,collected_cash,refunds,taxes_collected,cash_cogs,gross_profit,cash_opex,operating_result,income_tax,net_result,opening_cash,operating_cash,investing_cash,financing_cash,ending_cash,receivables,assets,liabilities,equity,balance_check,imputed_fulfilment,imputed_acquisition,imputed_development,economic_result,cumulative_economic_result
agentic-drone-dashboard,0.2.0,illustrative-unverified,downside,2026-10,0,49,0,0,0,0,0,0,0,0,0,0,0,0,0,0,0,0,0,0,0,0,0,0,0,0,240,-240,-240
agentic-drone-dashboard,0.2.0,illustrative-unverified,downside,2026-11,0,49,0,0,0,0,0,0,0,0,0,0,0,0,0,0,0,0,0,0,0,0,0,0,0,0,0,0,-240
agentic-drone-dashboard,0.2.0,illustrative-unverified,downside,2026-12,0,49,0,0,0,0,0,0,0,0,0,0,0,0,0,0,0,0,0,0,0,0,0,0,0,0,0,0,-240
agentic-drone-dashboard,0.2.0,illustrative-unverified,downside,2027-01,0,49,0,0,0,0,0,0,0,0,0,0,0,0,0,0,0,0,0,0,0,0,0,0,0,0,0,0,-240
agentic-drone-dashboard,0.2.0,illustrative-unverified,downside,2027-02,0,49,0,0,0,0,0,0,0,0,0,0,0,0,0,0,0,0,0,0,0,0,0,0,0,0,0,0,-240
agentic-drone-dashboard,0.2.0,illustrative-unverified,downside,2027-03,0,49,0,0,0,0,0,0,0,0,0,0,0,0,0,0,0,0,0,0,0,0,0,0,0,0,0,0,-240
agentic-drone-dashboard,0.2.0,illustrative-unverified,downside,2027-04,0,49,0,0,0,0,0,0,0,0,0,0,0,0,0,0,0,0,0,0,0,0,0,0,0,0,0,0,-240
agentic-drone-dashboard,0.2.0,illustrative-unverified,downside,2027-05,0,49,0,0,0,0,0,0,0,0,0,0,0,0,0,0,0,0,0,0,0,0,0,0,0,0,0,0,-240
agentic-drone-dashboard,0.2.0,illustrative-unverified,downside,2027-06,0,49,0,0,0,0,0,0,0,0,0,0,0,0,0,0,0,0,0,0,0,0,0,0,0,0,0,0,-240
agentic-drone-dashboard,0.2.0,illustrative-unverified,downside,2027-07,0,49,0,0,0,0,0,0,0,0,0,0,0,0,0,0,0,0,0,0,0,0,0,0,0,0,0,0,-240
agentic-drone-dashboard,0.2.0,illustrative-unverified,downside,2027-08,0,49,0,0,0,0,0,0,0,0,0,0,0,0,0,0,0,0,0,0,0,0,0,0,0,0,0,0,-240
agentic-drone-dashboard,0.2.0,illustrative-unverified,downside,2027-09,0,49,0,0,0,0,0,0,0,0,0,0,0,0,0,0,0,0,0,0,0,0,0,0,0,0,0,0,-240
agentic-drone-dashboard,0.2.0,illustrative-unverified,base,2026-10,0,99,0,0,0,0,0,0,0,0,0,0,0,0,0,0,0,0,0,0,0,0,0,0,0.0,0.0,240,-240.0,-240.0
agentic-drone-dashboard,0.2.0,illustrative-unverified,base,2026-11,0,99,0,0,0,0,0,0,0,0,0,0,0,0,0,0,0,0,0,0,0,0,0,0,0.0,0.0,0,0.0,-240.0
agentic-drone-dashboard,0.2.0,illustrative-unverified,base,2026-12,1,99,99,99,99,0,0,0,0,99,0,99,0,99,0,0,0,0,0,99,99,0,99,0,45.0,15.0,0,39.0,-201.0
agentic-drone-dashboard,0.2.0,illustrative-unverified,base,2027-01,1,99,99,99,99,99,0,0,0,99,0,99,0,99,0,99,0,0,99,99,198,0,198,0,45.0,15.0,0,39.0,-162.0
agentic-drone-dashboard,0.2.0,illustrative-unverified,base,2027-02,2,99,198,198,198,99,0,0,0,198,0,198,0,198,99,99,0,0,198,198,396,0,396,0,90.0,30.0,0,78.0,-84.0
agentic-drone-dashboard,0.2.0,illustrative-unverified,base,2027-03,2,99,198,198,198,198,0,0,0,198,0,198,0,198,198,198,0,0,396,198,594,0,594,0,90.0,30.0,0,78.0,-6.0
agentic-drone-dashboard,0.2.0,illustrative-unverified,base,2027-04,2,99,198,198,198,198,0,0,0,198,0,198,0,198,396,198,0,0,594,198,792,0,792,0,90.0,30.0,0,78.0,72.0
agentic-drone-dashboard,0.2.0,illustrative-unverified,base,2027-05,2,99,198,198,198,198,0,0,0,198,0,198,0,198,594,198,0,0,792,198,990,0,990,0,90.0,30.0,0,78.0,150.0
agentic-drone-dashboard,0.2.0,illustrative-unverified,base,2027-06,2,99,198,198,198,198,0,0,0,198,0,198,0,198,792,198,0,0,990,198,1188,0,1188,0,90.0,30.0,0,78.0,228.0
agentic-drone-dashboard,0.2.0,illustrative-unverified,base,2027-07,2,99,198,198,198,198,0,0,0,198,0,198,0,198,990,198,0,0,1188,198,1386,0,1386,0,90.0,30.0,0,78.0,306.0
agentic-drone-dashboard,0.2.0,illustrative-unverified,base,2027-08,2,99,198,198,198,198,0,0,0,198,0,198,0,198,1188,198,0,0,1386,198,1584,0,1584,0,90.0,30.0,0,78.0,384.0
agentic-drone-dashboard,0.2.0,illustrative-unverified,base,2027-09,2,99,198,198,198,198,0,0,0,198,0,198,0,198,1386,198,0,0,1584,198,1782,0,1782,0,90.0,30.0,0,78.0,462.0
agentic-drone-dashboard,0.2.0,illustrative-unverified,upside,2026-10,0,149,0,0,0,0,0,0,0,0,0,0,0,0,0,0,0,0,0,0,0,0,0,0,0,0.0,240,-240.0,-240.0
agentic-drone-dashboard,0.2.0,illustrative-unverified,upside,2026-11,1,149,149,149,149,149,0,0,0,149,0,149,0,149,0,149,0,0,149,0,149,0,149,0,30,7.5,0,111.5,-128.5
agentic-drone-dashboard,0.2.0,illustrative-unverified,upside,2026-12,2,149,298,298,298,298,0,0,0,298,0,298,0,298,149,298,0,0,447,0,447,0,447,0,60,15.0,0,223.0,94.5
agentic-drone-dashboard,0.2.0,illustrative-unverified,upside,2027-01,3,149,447,447,447,447,0,0,0,447,0,447,0,447,447,447,0,0,894,0,894,0,894,0,90,22.5,0,334.5,429.0
agentic-drone-dashboard,0.2.0,illustrative-unverified,upside,2027-02,3,149,447,447,447,447,0,0,0,447,0,447,0,447,894,447,0,0,1341,0,1341,0,1341,0,90,22.5,0,334.5,763.5
agentic-drone-dashboard,0.2.0,illustrative-unverified,upside,2027-03,3,149,447,447,447,447,0,0,0,447,0,447,0,447,1341,447,0,0,1788,0,1788,0,1788,0,90,22.5,0,334.5,1098.0
agentic-drone-dashboard,0.2.0,illustrative-unverified,upside,2027-04,3,149,447,447,447,447,0,0,0,447,0,447,0,447,1788,447,0,0,2235,0,2235,0,2235,0,90,22.5,0,334.5,1432.5
agentic-drone-dashboard,0.2.0,illustrative-unverified,upside,2027-05,3,149,447,447,447,447,0,0,0,447,0,447,0,447,2235,447,0,0,2682,0,2682,0,2682,0,90,22.5,0,334.5,1767.0
agentic-drone-dashboard,0.2.0,illustrative-unverified,upside,2027-06,3,149,447,447,447,447,0,0,0,447,0,447,0,447,2682,447,0,0,3129,0,3129,0,3129,0,90,22.5,0,334.5,2101.5
agentic-drone-dashboard,0.2.0,illustrative-unverified,upside,2027-07,3,149,447,447,447,447,0,0,0,447,0,447,0,447,3129,447,0,0,3576,0,3576,0,3576,0,90,22.5,0,334.5,2436.0
agentic-drone-dashboard,0.2.0,illustrative-unverified,upside,2027-08,3,149,447,447,447,447,0,0,0,447,0,447,0,447,3576,447,0,0,4023,0,4023,0,4023,0,90,22.5,0,334.5,2770.5
agentic-drone-dashboard,0.2.0,illustrative-unverified,upside,2027-09,3,149,447,447,447,447,0,0,0,447,0,447,0,447,4023,447,0,0,4470,0,4470,0,4470,0,90,22.5,0,334.5,3105.0
